jpollayi	3001
phpahade	3002
pdevan	3006
nchandak	3008
nvpatil	3009
mkrao	3011
sramacha	3020
snandy	3022
aemmanue	3027
svr	3034
tthomas	3036
vsubrama	3039
smreddy	3040
djostin	3041
ssashi	3045
kpuranik	3047
rmittal	3048
spadala	3050
vchandra	3057
ssingh	3059
vpkaimal	3061
amksingh	3062
prangudu	3063
gktsavat	3064
amund	3065
navalent	3067
mjkaipan	3068
kkanth	3069
vsraj	3070
enbaby	3072
vagupta	3074
psuresh	3075
kavala	3076
sapatra	3078
rraman	3079
vkashyap	3080
ktej	3081
pjain	3082
prekumar	3083
stengina	3084
mmilan	3085
rmekala	3089
sisharma	3090
nsimon	3091
agummana	3092
pagrawal	3093
vkrishna	3094
assingh	3095
krramamo	3096
mhafiz	3097
akjose	3098
mhussain	3099
mvyatagi	3100
NAVEEN B	3101
kdorna	3102
rnr	3103
gsriniva	
